ID,Yield
2845,0.37822945739967073
2846,0.392442085605288
2847,0.4306352717294539
2848,0.3915852887048567
2849,0.4103497845544661
2850,0.45594097997886385
2851,0.3722468199942752
2852,0.7523614349578067
2853,0.4688462200377628
2854,1.2197755359226707
2855,0.3943280957752709
2856,0.8233104728275781
2857,0.4117247445001448
2858,0.4168894869699324
2859,0.4509494883432234
2860,0.9995834214105451
2861,0.4099718911065901
2862,0.3906894308938826
2863,0.3777943434928104
2864,0.4590284211053694
2865,0.5145737511529768
2866,0.37720004544796987
2867,0.4262106997384871
2868,0.9220841112349674
2869,0.5318968874826276
2870,0.3925672553593163
2871,0.38742957339825673
2872,0.4535416148716454
2873,0.5130713962131982
2874,0.38797501550259633
2875,0.4131772302204613
2876,0.42418577100974764
2877,0.3995051565383121
2878,0.3808527571573103
2879,0.4291119756911441
2880,0.3881528161579613
2881,0.3898025535160546
2882,0.43993379499656404
2883,1.055884140989606
2884,0.5166666291767602
2885,0.3913680893792952
2886,0.7574948651208723
2887,0.4768301429961368
2888,0.5360910279168928
2889,0.3772936446084822
2890,0.3891495647643253
2891,0.43270377145352407
2892,0.4732793750975772
2893,0.391428369543378
2894,0.43333762711428053
2895,5.102034586927716
2896,0.4631557447328413
2897,0.38392716473482497
2898,0.4019992930307234
2899,0.4299612425381188
2900,0.4520675721381351
2901,0.41511982506655104
2902,0.45919285045208974
2903,2.2368372462803365
2904,0.4868753137801334
2905,0.3881208680683617
2906,0.477187810601219
2907,0.4143109503005191
2908,0.4109011871232832
2909,0.4250116132313256
2910,0.4338299217436954
2911,0.49511247700594313
2912,4.807689684889142
2913,4.238339124382957
2914,2.929096557956362
2915,0.3981808208042626
2916,0.7580421947056298
2917,0.5656945886824771
2918,0.3831198595577721
2919,0.7014921687656884
2920,0.37064965393287386
2921,7.445976593356753
2922,0.4178723278258487
2923,3.5275777362400533
2924,0.46170184836926503
2925,0.40104009535056795
2926,0.44790591623527254
2927,0.4144922080252811
2928,0.4969198090448225
2929,0.39308370973808016
2930,0.42564695900820143
2931,0.4570852699492618
2932,1.2733945233239974
2933,0.41105294054888136
2934,0.6520152273390933
2935,0.38383515503150667
2936,0.40718259241325105
2937,0.4202604276552046
2938,1.340927301110252
2939,0.38126232053977693
2940,0.44654971188448317
2941,1.9078636350844544
2942,0.45907968109987624
2943,0.37064965393287386
2944,0.4852409146839623
2945,7.106944102308575
2946,0.8650313399845605
2947,0.37511763797345204
2948,4.497298258802716
2949,0.7541659059737369
2950,0.5234448296441877
2951,0.38253748244188673
2952,0.4665480834855879
2953,0.7754064979766055
2954,0.406812685987775
2955,0.3912325086806461
2956,0.4460232041889672
2957,0.5029874029372379
2958,0.3849515897645796
2959,0.453076539696678
2960,0.37750375098131544
2961,0.4238637072458113
2962,0.40156245058916457
2963,0.38574983503562654
2964,0.37923087503654207
2965,0.4400979064518456
2966,0.43956023281954176
2967,0.3800443393602217
2968,0.3906152231111372
2969,0.8545753739887719
2970,0.4417423588647688
2971,0.3768533053610965
2972,0.3765176517381514
2973,0.37638383931063063
2974,3.2838834308201315
2975,2.667392907799705
2976,0.9320993604872867
2977,0.7989458424463117
2978,0.3794655583912377
2979,0.3755235654725874
2980,0.4862796249602481
2981,0.3823130312178775
2982,0.38560501561703725
2983,0.4442451777671024
2984,0.3776401860132063
2985,0.4551444632425154
2986,0.41141583349448885
2987,0.5702135744307681
2988,2.1798509143406393
2989,0.38292743589622225
2990,0.37406646039230074
2991,0.4009131573254113
2992,0.48814445561312086
2993,0.385380842548037
2994,2.640370228152895
2995,0.37506703363003774
2996,0.4796145143721744
2997,0.37626361674211867
2998,0.7048523607466861
2999,6.315848368665997
3000,0.41005686746182485
3001,0.38439804142855055
3002,0.3802565318956221
3003,5.642423965793276
3004,0.4074332498127465
3005,0.8382036072625959
3006,0.39778635726513906
3007,0.46087493326408113
3008,0.38742957339825673
3009,1.4733163697137677
3010,0.8257461570316796
3011,1.3002409321679915
3012,0.4842629216724877
3013,0.4497385802481815
3014,0.4123820645227278
3015,0.44973943458142324
3016,0.4733131907993798
3017,24.434546488783184
3018,0.44736848102154775
3019,0.7257219734404727
3020,0.4021612189823632
3021,4.474435824415509
3022,0.753477512063011
3023,1.3523901485020164
3024,0.6540846211328352
3025,0.41934509899360384
3026,0.8674644015842919
3027,0.3726644598061089
3028,0.4020874681685611
3029,0.5588319085651879
3030,0.3874690912777428
3031,0.39084476059816725
3032,0.38412586675229116
3033,0.44928522732001985
3034,0.4782981656605248
3035,0.37064965393287386
3036,0.3777301492903873
3037,0.4081176502122725
3038,0.38091709043723787
3039,0.5718772592757388
3040,0.5862132492278262
3041,0.38885479992769606
3042,0.391736207665428
3043,0.5128110828612491
3044,0.8662206910664086
3045,0.4107353073968733
3046,2.5791619800144674
3047,0.3780779622608666
3048,0.5852569125706201
3049,0.43521568999829335
3050,0.38742957339825673
3051,0.42586566831809725
3052,0.38742957339825673
3053,0.5644527060403669
3054,0.4088234288110579
3055,0.6228419723723575
3056,0.39557506468040193
3057,3.2896334511651837
3058,0.42587268179796584
3059,0.37706386870287306
3060,0.3851378741477176
3061,0.3755117538188144
3062,0.40283989733599074
3063,0.4702496710036441
3064,0.42917968656760896
3065,3.793484070163393
3066,0.3727939707650984
3067,0.3729222200924401
3068,0.42127470002713246
3069,0.37563619838299794
3070,0.375517823558474
3071,17.064318675062484
3072,0.4555016738786543
3073,0.37890779799364455
3074,0.5919662100686872
3075,0.6130743208144351
3076,0.4579032443577294
3077,4.2899561109755675
3078,0.401916065078402
3079,0.37869403586926503
3080,3.2588456653172018
3081,0.44031520511848177
3082,0.37393007503094716
3083,0.3881088279301171
3084,0.6054657481724267
3085,0.37064965393287386
3086,0.6928139311685407
3087,0.4180632415030643
3088,0.6387988510344669
3089,0.3812614463383202
3090,0.45379898772778554
3091,0.9187383038415754
3092,0.4106752457831546
3093,0.8238252185398584
3094,0.7944552285089338
3095,0.3894340577338382
3096,0.4746527853224918
3097,0.39421413169446035
3098,0.438484090826337
3099,0.5213150364770734
3100,1.9786736351861798
3101,0.4137813232952599
3102,0.44738900488756544
3103,0.445993799230878
3104,0.3781551105394209
3105,3.280688303968732
3106,0.47481395628196443
3107,0.5220931949828311
3108,0.40676269755902333
3109,0.4586812041813378
3110,0.6087203207228824
3111,0.3797583364063744
3112,0.4899389130487288
3113,0.40444109664502187
3114,0.3876894893859073
3115,0.5196370465173566
3116,0.38787966793917067
3117,0.7994416338815534
3118,0.4934029363209252
3119,1.4998274030898255
3120,0.4032324137900516
3121,0.48815371420127596
3122,0.44821442987662996
3123,0.40595052466931386
3124,0.41837551023704256
3125,17.076731699964828
3126,0.3939826471223677
3127,0.43039800550681795
3128,0.5650578521305566
3129,0.4204759779189273
3130,0.38742957339825673
3131,3.06352044965965
3132,0.4034518184874698
3133,0.3809065205468977
3134,0.4166848046197737
3135,0.4202774547153954
3136,0.48064782049400057
3137,4.509607651096011
3138,0.3739584369077528
3139,1.2260964892918114
3140,0.7488520724191511
3141,0.5112025521809106
3142,0.49311409221234365
3143,0.3885282260789717
3144,0.38742957339825673
3145,0.40332668846987135
3146,0.46993392533205397
3147,1.097918528578107
3148,0.46644772913200105
3149,0.9426707608117902
3150,0.4315778595819319
3151,0.3760635040813927
3152,0.38303957210125966
3153,0.5548391126209741
3154,0.651240963003461
3155,0.4032682361815616
3156,0.8007766587152326
3157,0.4151480776681746
3158,0.4560980580860619
3159,0.4102037929111962
3160,0.3745876831426466
3161,0.7306864045673852
3162,1.7660789671157044
3163,0.5515096766366804
3164,0.41016540751996083
3165,0.39837155566754384
3166,0.37918833718838735
3167,2.2953650338067852
3168,0.4398069960489119
3169,0.3954414310668155
3170,0.39738907243949617
3171,0.3985182426983361
3172,0.374548433484062
3173,0.48687837348523183
3174,0.4101673546050235
3175,0.45037706520301546
3176,0.45463798270764394
3177,0.39689866529049916
3178,0.42730988886100496
3179,0.5999649149789655
3180,0.4119351488962019
3181,0.38011083827557607
3182,0.3793640318129703
3183,0.48950761383913405
3184,0.41248053139589674
3185,0.39935729728283925
3186,0.49433698084098543
3187,1.7591618083530907
3188,0.3779532693439965
3189,0.4397219600890323
3190,1.2102323554569725
3191,0.4443890832478051
3192,0.6132708174600446
3193,0.3876747869068627
3194,0.6236154817158227
3195,0.40569227761171706
3196,0.637908755005821
3197,0.37064965393287386
3198,2.645567276340151
3199,0.41280927088004793
3200,0.40754248525840486
3201,0.6154754740609968
3202,0.4156750622008487
3203,0.7581254425261661
3204,0.8520134074106062
3205,0.7640861851587141
3206,0.37064965393287386
3207,0.5071754239613061
3208,2.260699767134015
3209,0.49665719097994215
3210,0.4538155180826033
3211,0.38402392294151033
3212,0.5742717765385156
3213,0.48017746037386305
3214,5.822907465956036
3215,0.44056755131624586
3216,0.41190920100750966
3217,1.2509345394983138
3218,0.38204417453351064
3219,0.40108895129106886
3220,0.3858027242237572
3221,0.4384534937753523
3222,0.9738187971327945
3223,0.46922363664848055
3224,0.404733238877281
3225,0.4516248288367435
3226,0.3825558208042626
3227,0.38742957339825673
3228,0.46637674000007356
3229,0.37686192816637404
3230,0.6420072498534366
3231,0.41032449231686635
3232,0.3777194601907576
3233,0.4070161166403934
3234,0.5204553388172631
3235,0.39063916431012197
3236,0.46218166575970693
3237,0.8060641470168277
3238,0.4972431841109439
3239,0.6922054074818139
3240,0.4676608028624698
3241,0.3707045696789269
3242,0.40983404543143953
3243,0.6442518018299584
3244,1.2196794532352928
3245,0.4242241365327681
3246,0.38232042219382967
3247,0.3843369665358707
3248,0.47114338304740633
3249,0.37593301957987196
3250,0.38161605423830397
3251,0.3876660051558658
3252,0.4630768281831587
3253,0.531139431656822
3254,0.38459425991915114
3255,0.6697099787607038
3256,3.5984729312473775
3257,1.845630504947329
3258,1.2344164235009993
3259,0.9615256173028791
3260,0.4532814405972008
3261,0.38742957339825673
3262,0.5763012352202579
3263,0.40816789692781813
3264,0.42687978174430574
3265,0.3816249949350203
3266,0.4789849701140567
3267,0.3804158749793216
3268,0.45646144773704256
3269,0.40121930664919264
3270,0.43587932811322255
3271,0.43791047559323354
3272,4.058030464511538
3273,0.42242439415199007
3274,0.4035039328152184
3275,0.4080730063333357
3276,3.8537435713027164
3277,0.4785981757058943
3278,0.39622386123878206
3279,0.4174952092383548
3280,0.39211378322186513
3281,0.5022307418400292
3282,0.4423951886707787
3283,0.38742957339825673
3284,0.37334320769848867
3285,0.37965865757209505
3286,0.495381850263898
3287,0.442212003729169
3288,0.44671187625470204
3289,0.4605540615930403
3290,6.514702179294253
3291,0.4019173167759423
3292,0.5371281487359846
3293,0.38742957339825673
3294,0.37780777440609975
3295,0.5306706609938785
3296,0.3833986702178165
3297,0.37064965393287386
3298,1.1578064146254703
3299,3.0834509713067852
3300,0.3939143401994551
3301,0.4182908716414615
3302,0.4540168427044396
3303,0.4145955426111067
3304,0.5085547151778385
3305,0.37609194543105806
3306,0.3773496133699263
3307,0.38742957339825673
3308,0.38742957339825673
3309,0.4460400921716536
3310,0.39753025597475417
3311,0.40274037744743074
3312,0.40110967383923574
3313,0.7694281521056339
3314,0.3968148810281599
3315,0.42409954295697255
3316,0.4050210498386864
3317,0.6064937296126529
3318,1.8271689596388978
3319,0.4432169380400821
3320,0.3779495539878055
3321,0.7213661852095767
3322,0.4175129118178531
3323,0.3801009836409732
3324,0.5027918997023746
3325,0.3840242010965193
3326,0.46021582510215486
3327,0.39978378838442213
3328,0.39235089049878163
3329,0.43242134477836336
3330,0.4650348010276004
3331,0.9325831117842838
3332,0.6336165053262556
3333,0.478772062322919
3334,2.9689989271376773
3335,0.47932861075940175
3336,0.6230509859933698
3337,0.38416900064689363
3338,0.4049634320154036
3339,0.39284439708930696
3340,0.38125234669588454
3341,0.4609583400303368
3342,0.462980685891136
3343,0.4004993818813805
3344,0.38712797389569326
3345,0.48303617861015047
3346,19.002866445244774
3347,0.3773360433791324
3348,0.9122115952386701
3349,0.37064965393287386
3350,0.40190628991665883
3351,0.3917329890146101
3352,0.4556670966361209
3353,0.6957092069202905
3354,0.38371193236254103
3355,0.4432685357942427
3356,0.4447295449787621
3357,0.3819054745251183
3358,0.5926752271865054
3359,0.3771638952309136
3360,0.4624018254492923
3361,0.5145797116174543
3362,0.38742957339825673
3363,0.3936064822091902
3364,0.48612048055869783
3365,0.42321206953269686
3366,0.5932500941171491
3367,0.37435538397374196
3368,1.5379595937941712
3369,0.38199728554628737
3370,0.539053060870791
3371,2.2121629896376773
3372,0.49941879338167555
3373,0.3803753835573042
3374,0.41584739909710927
3375,0.4722815933440372
3376,0.4392920913909122
3377,0.380647439024274
3378,0.3909014247471337
3379,0.4447027228886132
3380,0.37108782754483266
3381,2.6305254481846334
3382,0.3824844144398217
3383,0.37671750611208327
3384,0.37998201277000154
3385,0.3903332931413496
3386,0.3764747363939131
3387,0.386802969635948
3388,0.40210425681017287
3389,0.4106774312867964
3390,0.4033200127496565
3391,0.396206357341433
3392,0.45573725130302156
3393,0.4223911546284203
3394,0.38742957339825673
3395,0.46689023401481355
3396,0.37064965393287386
3397,0.9542712551965559
3398,0.4119180622313663
3399,1.5949583234999818
3400,0.4302545569950585
3401,0.39162033623598463
3402,0.3844122670704369
3403,0.37421777671717055
3404,0.3929017367575809
3405,0.4002438965056583
3406,1.1051449162378157
3407,0.4530420087391381
3408,0.5995926641041284
3409,0.37523767179392226
3410,0.37609219378374464
3411,0.4604553165648624
3412,0.7829620224847639
3413,0.38867423759045644
3414,0.4722830238555118
3415,0.6008225463444238
3416,0.4572501363967105
3417,0.45460651145520253
3418,0.3778123838319624
3419,6.914479909600242
3420,0.4150029602263614
3421,0.3740345123027011
3422,0.7758366050933048
3423,0.48656731671236403
3424,0.3751380028937503
3425,0.4531850996230289
3426,0.3748838089519982
3427,0.6041497570886457
3428,0.46117009546500887
3429,0.38742957339825673
3430,0.4055451733484114
3431,0.4609902881199364
3432,0.6627268575245385
3433,0.493267911932294
3434,0.531831521055524
3435,5.000663457573875
3436,0.46196700956565584
3437,0.5596879902098819
3438,0.41232764548204787
3439,0.37064965393287386
3440,3.9042501630995914
3441,0.6161829414580509
3442,0.4006778183196231
3443,0.4328117154652123
3444,0.625718452792788
3445,0.495555140834475
3446,0.44993219600262685
3447,0.4591871284061913
3448,1.586661992730125
3449,0.41506276355328603
3450,0.40305497076255525
3451,0.44239212896568025
3452,0.3796994271491214
3453,0.40337131248059316
3454,0.4897921266768619
3455,1.486964561801577
3456,0.3954719883813704
3457,0.37513605580868764
3458,0.38742957339825673
3459,0.40680696394187654
3460,0.4594421766811852
3461,4.685243942599917
3462,0.39734961416465486
3463,0.8899565719181542
3464,0.37514278119943983
3465,1.422135689120913
3466,0.6212959073597436
3467,0.4236606938257063
3468,0.3991154415025557
3469,0.38875144547365553
3470,0.3956603986635054
3471,2.165683128696108
3472,0.38767772740267165
3473,0.39419446216168447
3474,0.37227048303825105
3475,0.42670845812700636
3476,0.39366157676917757
3477,0.45439421957872755
3478,0.3763442816947147
3479,23.081597982110008
3480,0.39608841961763747
3481,0.4220362288369978
3482,0.43692932353558583
3483,0.5211247784509504
3484,0.3813202562544986
3485,0.47311844255668367
3486,0.40528489973289217
3487,0.6710045121723657
3488,0.5088994684432193
3489,0.3924025081211571
3490,0.45566318259778066
3491,0.40418197538596834
3492,0.40778110251965566
3493,6.488116282484357
3494,0.3743686062707747
3495,0.4169786157820865
3496,0.39708846634767897
3497,0.3926275355233992
3498,0.39335572546862013
3499,0.4161451441659773
3500,0.39635193175218947
3501,0.4382727724923933
3502,1.3399702094608787
3503,0.5336588007821882
3504,0.3814086499427005
3505,0.49945396012209303
3506,0.5036408685261254
3507,0.45299571579836256
3508,0.6701006673389917
3509,0.3841383241230492
3510,0.46741638408246083
3511,0.5462465070301538
3512,0.4468897762511417
3513,0.4165939870093509
3514,0.41794373419028963
3515,0.3863513253742699
3516,0.7781286818399274
3517,0.42222831473889394
3518,0.5057090702269718
3519,0.6274309339736148
3520,0.39719050949953444
3521,0.4318874063704654
3522,0.38374847000978834
3523,0.38742957339825673
3524,1.2984642369165267
3525,0.43160146302126295
3526,0.5164253495747094
3527,0.4441640161091332
3528,0.38742957339825673
3529,0.4680165631189192
3530,0.43641747858268465
3531,0.3958197616154198
3532,0.4474404834324364
3533,0.3854253672176842
3534,0.38974962459149404
3535,0.3943834883584822
3536,0.4000956001494571
3537,1.119061090808535
3538,0.44077501521649404
3539,0.38742957339825673
3540,0.413200674714073
3541,0.38742957339825673
3542,0.38799693014365877
3543,0.4610313755884016
3544,0.3850909652922794
3545,0.9612602574243391
3546,0.3742309195413435
3547,0.45280180202069326
3548,0.3814672214402998
3549,5.571638443332339
3550,0.37571628715736116
3551,0.39726857171597524
3552,0.3894524755690738
3553,0.39126908606432326
3554,0.4406263612324242
3555,0.48571334109845204
3556,0.44696976568443025
3557,0.4058171692107364
3558,0.9117207708571597
3559,0.37064965393287386
3560,0.8933799448226138
3561,0.4837339900547509
3562,0.3725859604889397
3563,0.4364364725961531
3564,0.4445737781737491
3565,0.37805996165814443
3566,0.37087108518821443
3567,0.38538819378755934
3568,0.4698360147689029
3569,0.40486877983950026
3570,0.39145952290438063
3571,0.39481498625022615
3572,0.7611465635512515
3573,0.6406539859984561
3574,1.4488210859511537
3575,0.38742957339825673
3576,0.46083471999707265
3577,0.5097986641143009
3578,0.3711343986406172
3579,0.9930689516280338
3580,0.3810533466551944
3581,0.41512129531445546
3582,0.4088564100478336
3583,0.44229548996828444
3584,0.5705749375238264
3585,0.5278022073322778
3586,1.1570296468947574
3587,0.4575577758366112
3588,0.3980188153797631
3589,0.42384224957369215
3590,0.4687863769744083
3591,0.4306063833449527
3592,0.38748886015159334
3593,0.374980060519203
3594,0.4410744292154158
3595,0.3949635210250064
3596,0.4789852880054955
3597,0.44906757102551503
3598,0.37794889833671297
3599,0.4786826950921858
3600,0.40476220673464186
3601,0.37064965393287386
3602,0.4092300914341454
3603,0.8544599396600568
3604,0.4071668170506005
3605,0.37907367772005446
3606,0.4380668980493391
3607,0.42486995285890944
3608,0.46974581307314284
3609,0.3717737776651228
3610,0.44171835806113924
3611,0.6738641046101098
3612,0.3763919356082126
3613,0.38742957339825673
3614,2.886046427748029
3615,0.4255285841836775
3616,0.5813304367278262
3617,2.2648420515273258
3618,0.479280251524274
3619,0.4513248783960188
3620,0.5798534336302921
3621,0.37722446348411287
3622,0.5929665746901676
3623,0.3892669064416731
3624,0.49923934366447176
3625,0.4696093184366072
3626,0.4018433871482059
3627,0.5207223676258569
3628,0.39488905495546706
3629,0.6898882173115258
3630,0.39610932097973867
3631,0.37064965393287386
3632,0.3802991492166365
3633,0.4564887069279198
3634,0.5014521064971134
3635,0.4408211492115502
3636,0.42040830677889235
3637,3.693308212619448
3638,1.7713022413466615
3639,0.42408619151654287
3640,0.463114160559003
3641,0.6205764395608747
3642,0.379639564217552
3643,0.6022824230406925
3644,0.5994643551721418
3645,0.4050658725315575
3646,0.5209298315261051
3647,0.4450149320179467
3648,0.5096989256753767
3649,2.4765461467319967
3650,1.0955527010176822
3651,0.37317035422864003
3652,0.43920832699678786
3653,0.6780086539799218
3654,0.3998875004663313
3655,0.4927849951003238
3656,0.9109563214197004
3657,5.272082664828921
3658,0.5290853761250024
3659,0.38742957339825673
3660,0.4512187026554589
3661,0.4465693416808292
3662,0.3820841295137251
3663,0.380989768367434
3664,0.41893122420849843
3665,0.6534642559900129
3666,0.37623754964413686
3667,0.4145830256357039
3668,0.39701690103751863
3669,1.7554976326837384
3670,0.4555005413904036
3671,0.4442002954695865
3672,0.3889087619994327
3673,0.4539281311247989
3674,2.976931907992983
3675,0.45676636523149855
3676,0.38319990859570546
3677,0.7141127767775699
3678,0.45257876143994374
3679,0.3981598797057315
3680,0.38742957339825673
3681,20.52240913933657
3682,0.40158380892020906
3683,0.3926285289341454
3684,0.41379938350262685
3685,0.37064965393287386
3686,0.3779078307364627
3687,0.47783718333783193
3688,1.789783336978579
3689,0.6014719985538964
3690,0.544012803098981
3691,0.5864507538690412
3692,0.41361047651511873
3693,0.4332941554600243
3694,0.5262378238255029
3695,0.3936111313714827
3696,0.39133188949170156
3697,0.5372598352645084
3698,0.7220742883895084
3699,0.3729389391952996
3700,0.3942599477980777
3701,0.37344636347037996
3702,0.5240187429005151
3703,0.40674831297141756
3704,0.39447114692273183
3705,3.9696760359023258
3706,0.4365292174234236
3707,0.44296151226900465
3708,0.4731205485874657
3709,0.41398217107993807
3710,1.0600230875228092
3711,0.56830507344149
3712,0.7006445509805524
3713,0.4500262322638675
3714,4.090853073459292
3715,0.6755463463678205
3716,0.38742957339825673
3717,0.4421880426619693
3718,0.37524960265698476
3719,0.3746179921045149
3720,0.37064965393287386
3721,0.8387076241388166
3722,0.42383040811759676
3723,0.5081295353784406
3724,0.37758441593391145
3725,0.44800831701499666
3726,5.720047333102847
3727,1.5558943929885072
3728,0.6964255355412011
3729,0.4485922041152164
3730,5.373521822950665
3731,0.4685557467355574
3732,0.417950529119794
3733,0.4155513825629398
3734,0.3957457326466088
3735,0.43181508606813795
3736,0.4580947540813927
3737,0.6930562836541975
3738,1.3549079281701886
3739,0.6190593821420515
3740,0.45571740295631136
3741,0.49241941994570143
3742,0.3762890480572228
3743,0.43441734538617177
3744,0.3930473111683373
3745,0.4177548669392113
3746,0.43150243983807607
3747,0.5543513082081323
3748,0.8044362249587222
3749,0.4445251407836124
3750,0.4902479432636742
3751,0.3778631272528812
3752,0.9701570056492334
3753,0.6294082981958234
3754,0.41760577585441316
3755,0.49495456443371816
3756,0.46144725706321443
3757,0.3763212345654015
3758,0.5773355347528303
3759,0.45240932530306227
3760,0.38509585287315096
3761,0.7140999021742984
3762,0.4269634269291405
3763,1.1064357938979312
3764,0.46354317492388136
3765,1.7778109096104149
3766,0.48917045023185457
3767,0.37681325103980745
3768,1.2128255548690006
3769,0.47665923661135084
3770,0.3851622921838606
3771,0.39240503138445265
3772,1.2207205476973697
3773,0.3950829687331363
3774,0.37064965393287386
3775,0.38742957339825673
3776,0.4249360345417504
3777,0.4245806319131697
3778,0.7435666504119083
3779,0.39089931871635164
3780,0.4386654876286034
3781,0.44932341402910597
3782,0.49656683033846266
3783,0.44104784554384596
3784,0.5874814373864973
3785,0.3931517186377689
3786,0.4548709971322859
3787,0.38362721429410024
3788,0.4510389350468163
3789,0.4503573956702396
3790,1.8001426242405418
3791,0.41380546317639394
3792,0.3936285756641869
3793,0.422156391800865
3794,0.43396681374452956
3795,0.7485180877262597
3796,0.44194843198997225
3797,0.38742957339825673
3798,0.38956359849515004
3799,1.1940037590875472
3800,0.4370492679490889
3801,0.39339250153444655
3802,0.4771984997008487
3803,0.40970732595664705
3804,0.38439814076962514
3805,0.4508079074436669
3806,12.731472351413395
3807,0.5019074859831973
3808,0.399049280346855
3809,0.38115620440386183
3810,0.3963184339418257
3811,0.40500545328997023
3812,0.39230674332521803
3813,2.174648938836082
3814,0.39231904175025667
3815,0.3725519957755252
3816,0.4909403902902449
3817,0.9233340603723371
3818,0.4933391593510155
3819,0.436170317989016
3820,0.4214334868008141
3821,1.5973372640822572
3822,0.38014838920178456
3823,0.8081842047586286
3824,0.37893523599845613
3825,0.4599547964944685
3826,0.4137166125192488
3827,2.091682770114565
3828,0.466649153094912
3829,0.5967251243804141
3830,0.4181853316837792
3831,0.38742957339825673
3832,0.3753701232487206
3833,0.5337974014495059
3834,0.7489647649342065
3835,0.4052727006489281
3836,1.988236763339663
3837,0.3875821414206668
3838,0.42900162762544997
3839,0.5348570925607526
3840,0.3766526165221378
3841,0.3769349339221164
3842,0.42344973311963124
3843,0.3964621010039493
3844,0.42034580137473787
3845,0.6777887128407006
3846,0.8450187626097843
3847,0.43366100218040193
3848,0.39733050094189687
3849,0.47748933063092275
3850,0.40491411910595937
3851,0.39935753570141835
3852,0.3810525519265974
3853,0.4795669896020735
3854,0.4022965612624332
3855,0.4732407115513329
3856,0.5246815862868472
3857,0.38742957339825673
3858,0.7971632662032291
3859,0.3905826193704451
3860,0.4286534967635318
3861,0.41689977870526357
3862,0.37752502983950026
3863,0.414447643619204
3864,0.37900449659568514
3865,0.43495068774762197
3866,0.44049584692858107
3867,0.4082266273711368
3868,0.5665757440144067
3869,0.43618062959256215
3870,0.4296889486525699
3871,0.4390399438752974
3872,0.4463060679648563
3873,0.3755728485797092
3874,0.37464529103182204
3875,1.2747242632125064
3876,0.4566694282108788
3877,0.9604789597406233
3878,5.393539446852032
3879,0.3845660073175276
3880,0.4625003916635359
3881,0.4302131317669396
3882,0.4258937818422163
3883,0.44153155710441316
3884,0.377514479817375
3885,0.4822760604435448
3886,0.41174330141288484
3887,0.49603396481417067
3888,0.658289728821739
3889,0.4226823233181481
3890,0.4654390198602522
3891,0.3803379915768151
3892,0.44788704143109365
3893,0.4000864210341617
3894,0.4202006640647098
3895,0.3713575981670861
3896,0.44062954014681227
3897,0.6366374276691918
3898,2.0503772281223775
3899,0.37834836866599764
3900,0.3723006529226149
3901,0.4573308808221663
3902,0.38596441175681795
3903,0.4598185005400821
3904,0.3910401048873111
3905,0.4291205190235619
3906,0.37771787073356355
3907,0.481380917888308
3908,0.4440883579466983
3909,0.4102492513869449
3910,0.3884921454006676
3911,1.4000473998600487
3912,0.4384931904687727
3913,0.37932534839851106
3914,0.39680448995175405
3915,0.4966692311181868
3916,0.39486922647697176
3917,0.4585772139444197
3918,0.3790214640512312
3919,0.38438041832191194
3920,0.3778433981154605
3921,4.23320867445213
3922,0.45063266978802724
3923,2.337165691714907
3924,0.4310703856363142
3925,0.3967559121662621
3926,0.41083615845583327
3927,0.435892480871503
3928,0.6691347542021915
3929,0.39452649976951326
3930,0.3921544534578169
3931,5.325384158155743
3932,0.47531622475527174
3933,0.45068375096859975
3934,0.42579956676704134
3935,0.46727627343080885
3936,0.8672837200377628
3937,0.4507698598120853
3938,0.4147067648782576
3939,0.4347749335183943
3940,0.47483620868268056
3941,0.391433952511772
3942,0.3742351713393375
3943,0.4542081140095238
3944,5.748608607313458
3945,0.8336581967884545
3946,0.3924761397256697
3947,0.4420526606454695
3948,0.37598911748471303
3949,0.7894894860798364
3950,0.8568610531701887
3951,0.46473369823041005
3952,0.45927343593182607
3953,0.4992619934294864
3954,0.3838922364129866
3955,0.4453811429554467
3956,0.4477434339736148
3957,0.4387110653136417
3958,0.37398672924580617
3959,0.46611803597353346
3960,0.3816757780923689
3961,0.4645506324980899
3962,0.4111117703332747
3963,2.677488186221743
3964,0.4797930501514916
3965,0.4097464266036197
3966,0.42145905719342275
3967,0.4034598452462996
3968,0.3880647204929833
3969,0.37755824949485506
3970,0.3982623599583153
3971,0.6221723737929508
3972,0.7933815501743798
3973,0.5875891628478214
3974,5.235583005608543
3975,0.4199172439788028
3976,0.45451323018612905
3977,9.830971735975568
3978,1.2306823911879703
3979,0.40608105884137197
3980,0.4065892679109419
3981,0.37064965393287386
3982,0.41320854252718336
3983,0.3969056390339379
3984,0.5639806372537458
3985,0.37218039061767305
3986,0.4939025027170027
3987,0.3909603936090315
3988,0.38007406220974965
3989,0.4277347905053938
3990,2.9569212777032696
3991,0.39592852022392
3992,0.40164118832491286
3993,0.3718617938572411
3994,0.3999300184462711
3995,0.45817961122733797
3996,0.432153680186892
3997,0.4407951218499983
3998,0.44436581756812776
3999,0.37064965393287386
4000,1.1083946409438297
4001,0.3938206019614383
4002,3.1940186999851705
4003,0.46015002157432283
4004,0.38484567231081374
4005,0.6387022915099307
4006,0.40053142931205477
4007,0.37793773239992506
4008,0.3871851546182478
4009,5.945088404676739
4010,0.6038593632593
4011,1.0832297983382388
4012,0.47467102434379305
4013,0.41954125787955965
4014,0.43651995883526845
4015,0.8510970853382592
4016,0.3873657368237023
4017,0.4120182775074486
4018,0.4382767063989485
4019,0.5309564453973615
4020,0.37855513717872347
4021,0.43665315534812654
4022,0.46405849681439443
4023,0.3966676774237796
4024,0.3820776326074446
4025,0.42391041741910024
4026,0.6700072469924137
4027,1.292338866255109
4028,0.3963064335400109
4029,21.726614970228496
4030,0.5265568676207706
4031,0.4047526699914778
4032,0.3843059721205875
4033,0.37484848326586134
4034,0.37064965393287386
4035,0.4156121196959659
4036,0.44839052186551137
4037,0.3720243953281884
4038,7.164712606133445
4039,0.3901349288835371
4040,0.41842744575085683
4041,0.4285291018698856
4042,0.37064965393287386
4043,0.5011333805932844
4044,0.3922517878427351
4045,0.4247836453332747
4046,0.38433581417940504
4047,0.6639847539478784
4048,0.43383178935589833
4049,0.41353918935996736
4050,0.44317449953300203
4051,0.40358096188448317
4052,0.49665528363130934
4053,1.9987966400995099
4054,0.4963965597365543
4055,0.37951208975059236
4056,0.4035709681723758
4057,0.43705810930473055
4058,0.4790094874912743
4059,0.4268497012669091
4060,0.3868107182397688
4061,0.4545481386397525
4062,0.3721341970179721
4063,2.210471330346092
4064,0.4018986009174828
4065,0.4916815541798119
4066,0.6794746103499576
4067,0.5831127745523298
4068,0.44949906891725905
4069,1.5257044019911927
4070,0.3750567021582767
4071,0.4471858921263858
4072,0.3820951365047936
4073,0.37805594827872957
4074,0.5612761361017072
4075,0.441737789175336
4076,0.4519705953810855
4077,0.5368635041131818
4078,0.7977358681573713
4079,0.37289545760693593
4080,0.463209170362775
4081,1.8402196747674786
4082,0.47939008301638014
4083,0.37064965393287386
4084,1.3723475319757306
4085,0.5921117248747989
4086,0.3772929094845299
4087,2.4379302842035138
4088,0.46447378224275954
4089,0.48505836552523024
4090,0.37256714528940565
4091,0.3803093018744632
4092,0.5965068124348168
4093,18.84337522413475
4094,0.3819490256522342
4095,0.447312691074038
4096,0.45429424272122426
4097,0.38646834916017897
4098,4.64487236565493
4099,0.38714037166180654
4100,0.6168752295389021
4101,0.3817588868354007
4102,0.5054790360345686
4103,0.39784957792503084
4104,0.43374812430284865
4105,0.4631322803710147
4106,0.43599949107708974
4107,0.400878209135358
4108,0.4266202233845238
4109,0.5613633178287988
4110,0.3883015893513207
4111,0.4992050908619408
4112,0.701209920904462
4113,0.37786348488074983
4114,0.4319536469990258
4115,0.3793949467553938
4116,0.4021051707480594
4117,3.054019310336733
4118,0.4665573222055281
4119,0.7911746285969262
4120,0.4597683531656111
4121,0.41799568957231886
4122,0.3867811543359602
4123,0.377309618653282
4124,0.4424775026852135
4125,0.5038767837101464
4126,0.45680786993247713
4127,0.6477762642119571
4128,0.38742957339825673
4129,0.40339312778058095
4130,0.37064965393287386
4131,0.4302399339888736
4132,0.3890816552057112
4133,0.4240100167805199
4134,0.4213927966966475
4135,0.3920961402470116
4136,0.3801469785585249
4137,0.7101959966236596
4138,0.5894044421726709
4139,0.3999710661783064
4140,0.4047775847329939
4141,0.5204695644591495
4142,0.405622222285891
4143,0.746655919414187
4144,0.7103804928674543
4145,4.647906639438296
4146,0.5088859580570703
4147,0.46023907091361727
4148,6.370343862236961
4149,0.37935135589184804
4150,0.3868742567910994
4151,0.4857524020089949
4152,0.47801095074556715
4153,0.4554292542352522
4154,0.5432012262557193
4155,0.38838090326530184
4156,0.4135182879978661
4157,0.38005365755302156
4158,0.4014258168751244
4159,0.46263301199816115
4160,0.4605061394586409
4161,0.3858917139584069
4162,0.4362131935968245
4163,0.826248663923566
4164,0.381130673747683
4165,0.4067648631944502
4166,2.5595749400669576
4167,0.39915615147493727
4168,5.024992960951153
4169,0.5057993513955915
4170,0.4267676455392683
4171,0.4603096825494612
4172,0.429181792598391
4173,0.4190291347716495
4174,0.3877607368046288
4175,0.38742957339825673
4176,0.3786495111996178
4177,0.38199351058545156
4178,0.4155466737960025
4179,0.395700830480878
4180,0.5104147377226993
4181,0.37064965393287386
4182,0.4270438137267276
4183,0.38146591013811476
4184,0.3930973989381636
4185,0.39428335255525954
4186,0.43422311371706374
4187,0.37064965393287386
4188,0.426320570967023
4189,0.4134880485747501
4190,0.4621081136280541
4191,0.5343563738082096
4192,0.41246237184745516
4193,0.3782036088520531
4194,0.46782539115490956
4195,0.3910215082381412
4196,0.3946142775430525
4197,0.39611126806480135
4198,0.4290030184004947
4199,0.4938381297006453
4200,2.543645717960024
4201,0.37813285813870473
4202,0.3755374930912499
4203,0.42090260809801466
4204,0.5698777618621036
4205,0.4799087626352156
4206,0.3758765640471622
4207,2.013351140679344
4208,0.3838106376542891
4209,0.459035692872032
4210,0.441921689372683
4211,0.3748907032225772
4212,0.41920625990770705
4213,0.43060483362418855
4214,0.40723494515957875
4215,0.37416525509101595
4216,0.5000025612726057
4217,0.5176797094557926
4218,0.3821314754698917
4219,0.4025092306349918
4220,0.3936018330468977
4221,0.41306386218609853
4222,0.4523381374889855
4223,1.3907192729527
4224,2.458931941053693
4225,0.413570859294558
4226,0.7420528116439029
4227,0.44271745111686434
4228,0.4167843443765486
4229,0.4265117826674625
4230,0.3982215109084293
4231,2.3837566557143375
4232,0.44000186350089754
4233,0.3894972386573001
4234,0.4473247312122826
4235,0.4577018601312483
4236,0.48359542912386305
4237,0.635040102662071
4238,0.8979056062911197
4239,0.3976272327318037
4240,0.38583266562364943
4241,0.4479038499409203
4242,0.40719673858227773
4243,0.5802565199746931
4244,0.38458698815248854
4245,0.37900600658001943
4246,3.646783846876447
4247,0.38742957339825673
4248,0.4465479833497847
4249,0.4688822212432071
4250,3.624108650546694
4251,0.45812334444267
4252,0.41813909834764845
4253,0.4239801747217024
4254,0.42396072373929067
4255,0.5424025637521589
4256,0.3939703089608992
4257,4.702357946099266
4258,0.37887082324566884
4259,0.4587022247527286
4260,0.5121717237049584
4261,0.38636328603965486
4262,0.3762386622641727
4263,0.37615136132779164
4264,0.6955621026569848
4265,0.3880263549699629
4266,0.5724786701415225
4267,0.43284982270143874
4268,0.5020106020186588
4269,0.401530224344556
4270,15.300805745781885
4271,1.9152207555983705
4272,0.4030734482024356
4273,0.37756403114539827
4274,0.9883209250980859
4275,0.3943548979972049
4276,0.5279145422194644
4277,0.4760298910353824
4278,0.7401106936349714
4279,0.43784040039919264
4280,0.5189608516905948
4281,0.48202095256390615
4282,0.45445118175091787
4283,0.4109671098604048
4284,0.4317439975951358
4285,0.44711611495556874
4286,0.38153519060355867
4287,0.39000334169608797
4288,18.168939290703758
4289,1.1374565146976952
4290,0.38655513352297194
4291,0.44296453223767324
4292,0.4039290132735416
4293,0.3989241304610416
4294,0.38184942629081453
4295,1.6616891406589989
4296,0.3788384976599857
4297,0.3919857524448876
4298,1.2260910851373519
4299,0.37262381937247957
4300,0.4474614046627526
4301,5.541663823784813
4302,0.38852780884645827
4303,0.4045258544498925
4304,0.5416683537378156
4305,0.5181485993280256
4306,0.392918684344912
4307,0.4437640689426903
4308,0.9845756076389794
4309,0.9445530754937971
4310,0.440792538982058
4311,0.38742957339825673
4312,0.38138747042559035
4313,0.44660748865348543
4314,0.39864104813478834
4315,0.5852137588078027
4316,0.37064965393287386
4317,0.44503726389152254
4318,0.3992002986485009
4319,0.43941443985842116
4320,0.38460782990994496
4321,0.40203720158480055
4322,0.381556866826042
4323,0.42813978419842763
4324,0.7826576414321109
4325,0.3885810556624576
4326,1.7770072800531231
4327,0.4810888153924788
4328,0.4283069752270226
4329,0.5609862588459497
4330,0.42951112812899
4331,0.4414667867237572
4332,0.39395493096254713
4333,0.6428645235910261
4334,23.881150899590477
4335,1.1928816817814354
4336,0.7679448706521833
4337,0.37835653450233186
4338,0.392588037512128
4339,0.37370194818717684
4340,0.45031386441133864
4341,1.5945784432306134
4342,0.587559519471153
4343,0.38030348048749013
4344,0.38734622623664583
4345,0.6675656817966943
4346,0.4606580518299584
4347,0.44724565571688063
4348,0.5149474722757185
4349,0.44659993873181386
4350,1.455676891666079
4351,0.46439919696393056
4352,0.40441693689567293
4353,0.39979511326692946
4354,0.37373604204398836
4355,0.38153642243288405
4356,0.49077007995190663
4357,0.3798416636997704
4358,0.5955926361296817
4359,0.4298905315612003
4360,0.3762660009279097
4361,0.4395375830545271
4362,0.38466423577211745
4363,0.37064965393287386
4364,0.41004103249452956
4365,0.5084200086806461
4366,0.43800943917177565
4367,6.182969747246727
4368,0.41474304423871083
4369,0.4152867975447818
4370,0.41200941628359206
4371,1.2345867338393375
4372,0.7437162978067243
4373,0.4796012424046044
4374,0.44351810044191725
4375,0.7252611897999292
4376,3.82999994184715
4377,0.3856733821445946
4378,0.4104091110442325
4379,0.5921139501148706
4380,0.37989163226030714
4381,0.4989287239923323
4382,0.44149333065889723
4383,12.974739410739566
4384,0.40657683040839876
4385,0.39476557399970735
4386,0.42498642033480055
4387,0.5159330152088647
4388,0.8450246436014021
4389,0.4000191075219954
4390,0.4147600514306868
4391,0.41150520072522206
4392,0.5159455719206973
4393,0.721177953741376
4394,1.7004192851597313
4395,0.5875441017363712
4396,0.6416746559355899
4397,0.38948919203025545
4398,0.37145276691657747
4399,0.38759813533368154
4400,0.391802547635063
4401,0.5507149877761051
4402,0.37064965393287386
4403,0.38742957339825673
4404,0.502788085005109
4405,0.4098522645845259
4406,3.1055558703953268
4407,0.4024307114496077
4408,0.38481296922904695
4409,0.37201161013188405
4410,0.3907207630688195
4411,0.3772068900480116
4412,0.588411627472862
4413,0.38064219381553377
4414,0.4270520987723514
4415,0.3735945406172916
4416,0.3851015153144046
4417,0.42100655859850294
4418,0.76777591135246
4419,0.37841953661185945
4420,0.39568481669964833
4421,0.37064965393287386
4422,0.8167969169829532
4423,0.4071890098466719
4424,0.38264598276359285
4425,0.3832178694619978
4426,0.46039312905214674
4427,0.3767736735556766
4428,0.37774775252881093
4429,0.4176662149642154
4430,0.4012889646107201
4431,0.3737321280056481
4432,0.40514588183306105
4433,0.6642775319630151
4434,0.40949656393272127
4435,0.3848016244783247
4436,0.4577459675683821
4437,0.4072112423791731
4438,0.4272250515832747
4439,0.5915447257572656
4440,10.325778661431297
4441,0.4210653486464664
4442,0.37923993494254793
4443,0.8794568561131005
4444,0.3940606099977339
4445,2.00113457268618
4446,0.3917086305831119
4447,0.3815560919656599
4448,0.6741742077086612
4449,0.40087832834464754
4450,0.9649818919712548
4451,0.3777179899428531
4452,2.8661511920506
4453,0.4670131189241255
4454,0.4486314239714786
4455,0.44511548505368276
4456,0.43436747616670973
4457,0.42835932797335036
4458,0.43864210273963655
4459,0.5077258132511621
4460,0.392033952734296
4461,1.180499094984357
4462,0.45456451004885084
4463,7.013655680677716
4464,0.4005911929025496
4465,0.42334019965074904
4466,1.0382161321852847
4467,0.46338194435976393
4468,0.3749214691533888
4469,0.40812396830461867
4470,0.37907343930147536
4471,0.4818139655008162
4472,0.5045414549722517
4473,0.5618223530664289
4474,0.38028822169842763
4475,0.4598488591724877
4476,0.3863639218225325
4477,0.4091232799107079
4478,0.3911961101109032
4479,0.39647600875439687
4480,0.3815283559376244
4481,0.3773543022686486
4482,0.37681285367550893
4483,0.46407101378979726
4484,0.43940891649467195
4485,0.7148731730991845
4486,0.4405997378244246
4487,0.48505188848716463
4488,0.4242093347126488
4489,0.4454495690876488
4490,0.7291603667154157
4491,0.47381502217195876
4492,0.44626738455039705
4493,0.9154323123508935
4494,0.3819653175884728
4495,0.9321809791141992
4496,0.4034358245744551
4497,0.4362491948022688
4498,0.4572465799862389
4499,0.42818492478273756
4500,2.3081800324334942
4501,0.42691701477907545
4502,1.0467047078027572
4503,2.20135642912132
4504,0.5285378478580957
4505,0.3792712671174849
4506,0.5401462895288313
4507,0.42940207149726595
4508,0.3886287791147078
4509,7.581991531711245
4510,0.38742957339825673
4511,0.38056160833579744
4512,0.38742957339825673
4513,0.4415436767155175
4514,0.43969338959597
4515,0.49678971197349275
4516,0.4277682485793277
4517,0.5196046613270288
4518,0.3749953391764804
4519,0.4874458891763533
4520,0.48475541498405184
4521,0.48315443422538484
4522,0.3902551514520491
4523,0.45069825476549513
4524,0.38742957339825673
4525,0.3898279053582991
4526,0.8060950619592512
4527,0.40157246416948683
4528,0.3866385601574425
4529,0.6035134973738834
4530,0.45413801894726796
4531,0.3889720223957543
4532,0.42117247806134267
4533,0.40572557673993154
4534,0.7262662830565616
4535,0.5138752244526391
4536,0.4667556864633406
4537,0.4469289961074039
4538,0.37353922750694
4539,0.4819980246438826
4540,0.737344044706647
4541,0.7135104519738996
4542,0.465869504473035
4543,0.3812350812171146
4544,0.41381215876482375
4545,1.5486119769627098
4546,0.4368107500289127
4547,0.39501533732953115
4548,0.45760492311062856
4549,0.37064965393287386
4550,0.8179514986886823
4551,0.7956311884139224
4552,0.46321095850211824
4553,0.37929735408368154
4554,0.4203448079639916
4555,0.4053075892343367
4556,0.8352432432387515
4557,0.8155027809355899
4558,0.41014305577817006
4559,1.0085883321974918
4560,0.6684450092528507
4561,0.3776039463891829
4562,0.43795309291424794
4563,0.7610718193267032
4564,0.37273359125994093
4565,0.4082672578706587
4566,0.5979288203134382
4567,0.7757921400283023
4568,0.39248094783368154
4569,1.4588855289036278
4570,0.3820884806527937
4571,0.6597794475768253
4572,3.141051310560529
4573,0.4044739189360782
4574,0.7696412585789209
4575,0.4071324053023502
4576,0.3787754359458133
4577,0.7248248043273136
4578,0.4288579804315413
4579,0.7489513737573469
4580,0.39749934103233064
4581,0.37335117485267366
4582,0.4142039400949324
4583,0.3988608303282901
4584,0.3780604980999474
4585,0.4284225486332421
4586,15.757034637790348
4587,0.3835700733079756
4588,0.40131435618939443
4589,0.45012658661745436
4590,0.4591396036360904
4591,0.5005198103799665
4592,0.711484251679405
4593,0.4526898644978051
4594,0.3800823869918033
4595,0.3800043446435774
4596,0.3707309248660251
4597,0.4579869690154239
4598,0.3760479969396437
4599,1.322923042636538
4600,0.4869522435083235
4601,0.43224261031689687
4602,0.37868249243639357
4603,0.3838866931810225
4604,0.38449259426337923
4605,0.37852159963192983
4606,0.46301022992672963
4607,0.3984126232677941
4608,0.4226289771610741
4609,0.4218003136529768
4610,0.4470381918166324
4611,0.5340543372049177
4612,0.3975194874022647
4613,2.308165409427309
4614,0.3935754281892622
4615,0.45091523554069246
4616,0.405139782291079
4617,0.41479561553540273
4618,0.4497152152274295
4619,0.38062429255388625
4620,0.8131058397505924
4621,0.5259549401813989
4622,0.3809457404031599
4623,0.46027737683199293
4624,0.39450901574037917
4625,0.4642794313643619
4626,0.41216210351529164
4627,0.3720010998461887
4628,0.4595712604735538
4629,0.3864879590883101
4630,0.38995516127489455
4631,0.37489988233787264
4632,0.41229909485720045
4633,0.39481109208010084
4634,0.4899391514673079
4635,0.43920832699678786
4636,0.39912766045473463
4637,0.4405618888749922
4638,0.46410395529014314
4639,0.4542199952020491
4640,0.37304482684674306
4641,0.522701996824567
4642,0.38239623930198396
4643,0.38742957339825673
4644,0.38131987875841505
4645,0.44281675245506014
4646,0.47475339796287264
4647,0.9153246266259992
4648,0.42936517622215
4649,0.4518971227222924
4650,0.45636743134401686
4651,0.6727173509810611
4652,0.45377123183153517
4653,0.6936986627791568
4654,0.39812032208981557
4655,0.4008670034621402
4656,0.39106255597017653
4657,0.38888102597139723
4658,0.4143970194075748
4659,10.127509771050438
4660,0.4323311033461734
4661,0.3841606162601952
4662,0.46433331396323885
4663,0.37174463099382765
4664,0.3841151180480167
4665,0.39920105364066805
4666,0.4422103546673302
4667,0.3725346706921105
4668,0.47226661270998366
4669,0.47496821310264314
4670,0.48408569719535555
4671,0.4495980126275862
4672,0.44220713601651235
4673,1.6092745644464337
4674,0.3799135667695845
4675,0.44336118128043855
4676,0.5058197759205346
4677,0.9590723695967838
4678,0.39872876630368276
4679,22.79858559197329
4680,0.42138347850384755
4681,0.38281190222643263
4682,0.37425607270143874
4683,0.38955948577466054
4684,0.412396329901044
4685,0.3792095365737125
4686,0.3993104281638309
4687,0.3964157683267439
4688,1.2068546794468407
4689,0.37712150639437086
4690,0.6039924008264387
4691,0.4306792996937279
4692,0.42328323747855867
4693,1.0412087621901676
4694,0.4086829803997521
4695,0.3756772063786034
4696,0.43595609889569326
4697,0.47755755808097566
4698,0.5364819946501895
4699,0.42861582662803377
4700,0.8407221419229353
4701,0.37064965393287386
4702,0.5469989958022281
4703,2.2768345060561344
4704,0.8356541576598331
4705,0.38742957339825673
4706,0.42057595477643056
4707,0.5802234990014875
4708,1.6556353750441712
4709,0.9823457581415022
4710,1.180936434131289
4711,0.38696735924623854
4712,0.38742957339825673
4713,25.808773376804016
4714,0.4463867130492374
4715,0.4255736452951277
4716,2.996287999810203
4717,0.410886643589958
4718,4.11044059024396
4719,0.4300204498185957
4720,0.6366547527526065
4721,0.46240027572852815
4722,0.37666598783078237
4723,0.38076376742266066
4724,0.3991059246276065
4725,0.3997912190968041
4726,0.3764951013142113
4727,0.39387422627352126
4728,0.38742957339825673
4729,0.42894432769360585
4730,0.45559459751985915
4731,0.9806372506036604
4732,0.47814104781689687
4733,0.4447212798013533
4734,0.38479357785128004
4735,0.41699908004345937
4736,8.15345416293683
4737,5.018962560357078
4738,0.822917479536359
4739,0.45428885843497957
4740,2.9939734322442852
4741,1.4757511002435528
